{
  "halueval": {
    "accuracy": 0.5178571428571429,
    "precision": 1.0,
    "recall": 0.4489795918367347,
    "f1": 0.6197183098591549,
    "macro_f1": 0.4805908622466506,
    "confusion_matrix": [
      [
        7,
        0
      ],
      [
        27,
        22
      ]
    ],
    "classification_report": {
      "Correct": {
        "precision": 0.20588235294117646,
        "recall": 1.0,
        "f1-score": 0.34146341463414637,
        "support": 7.0
      },
      "Hallucinated": {
        "precision": 1.0,
        "recall": 0.4489795918367347,
        "f1-score": 0.6197183098591549,
        "support": 49.0
      },
      "accuracy": 0.5178571428571429,
      "macro avg": {
        "precision": 0.6029411764705882,
        "recall": 0.7244897959183674,
        "f1-score": 0.4805908622466506,
        "support": 56.0
      },
      "weighted avg": {
        "precision": 0.900735294117647,
        "recall": 0.5178571428571429,
        "f1-score": 0.5849364479560288,
        "support": 56.0
      }
    },
    "auroc": 0.7244897959183674,
    "roc_curve": {
      "fpr": [
        0.0,
        0.0,
        1.0
      ],
      "tpr": [
        0.0,
        0.4489795918367347,
        1.0
      ],
      "thresholds": [
        Infinity,
        1.0,
        0.0
      ]
    },
    "benchmark": "halueval",
    "benchmark_type": "CORE",
    "samples": 56,
    "latency": {
      "p50": 1.7270262085003196,
      "p95": 3.2445990312498907,
      "mean": 1.7791094352320604
    }
  }
}