{
  "truthfulqa_fixed": {
    "accuracy": 0.485,
    "precision": 0.45714285714285713,
    "recall": 0.16,
    "f1": 0.23703703703703705,
    "macro_f1": 0.4241788958770091,
    "confusion_matrix": [
      [
        81,
        19
      ],
      [
        84,
        16
      ]
    ],
    "classification_report": {
      "Correct": {
        "precision": 0.4909090909090909,
        "recall": 0.81,
        "f1-score": 0.6113207547169811,
        "support": 100.0
      },
      "Hallucinated": {
        "precision": 0.45714285714285713,
        "recall": 0.16,
        "f1-score": 0.23703703703703705,
        "support": 100.0
      },
      "accuracy": 0.485,
      "macro avg": {
        "precision": 0.474025974025974,
        "recall": 0.48500000000000004,
        "f1-score": 0.4241788958770091,
        "support": 200.0
      },
      "weighted avg": {
        "precision": 0.4740259740259741,
        "recall": 0.485,
        "f1-score": 0.4241788958770091,
        "support": 200.0
      }
    },
    "auroc": 0.485,
    "roc_curve": {
      "fpr": [
        0.0,
        0.19,
        1.0
      ],
      "tpr": [
        0.0,
        0.16,
        1.0
      ],
      "thresholds": [
        Infinity,
        1.0,
        0.0
      ]
    },
    "benchmark": "truthfulqa_fixed",
    "benchmark_type": "CORE",
    "samples": 200,
    "latency": {
      "p50": 0.010232645499854698,
      "p95": 4.379946902049232,
      "mean": 1.5722439133000625
    },
    "retrieval_recall_at_k": 1.0
  }
}